filename,layer_name,stage,body_part,category,etc
DMM효과음_001-97.png,아아─!!!,during_extreme_orgasm,,moaning,extreme loud sound due to extreme orgasm during sexual activity
DMM효과음_001-98.png,아아─!!!,during_extreme_orgasm,,moaning,extreme loud sound due to extreme orgasm during sexual activity
DMM효과음_001-99.png,아아─!!!,during_extreme_orgasm,,moaning,extreme loud sound due to extreme orgasm during sexual activity
DMM효과음_001-100.png,아아─!!!,during_extreme_orgasm,,moaning,extreme loud sound due to extreme orgasm during sexual activity
DMM효과음_001-101.png,아아─!!!,during_extreme_orgasm,,moaning,extreme loud sound due to extreme orgasm during sexual activity
DMM효과음_001-107.png,"이제 가, 이제 가앗 - 절정 신음 하트 없는 버전",before_extreme_orgasm,,moaning,loud moaning right before extreme orgasm without heart symbol by female
DMM효과음_001-108.png,"이제 가, 이제 가앗 - 절정 신음 하트 없는 버전",before_extreme_orgasm,,moaning,loud moaning right before extreme orgasm without heart symbol by female
DMM효과음_001-109.png,"이제 가, 이제 가앗 - 절정 신음 하트 있는 버전",before_extreme_orgasm,,moaning,loud moaning right before extreme orgasm without heart symbol by female
DMM효과음_001-110.png,"이제 가, 이제 가앗 - 절정 신음 하트 있는 버전",before_extreme_orgasm,,moaning,loud moaning right before extreme orgasm without heart symbol by female
DMM효과음_001-111.png,가아앗.. - 절정 신음,before_extreme_orgasm,,moaning,loud moaning right before extreme orgasm
DMM효과음_001-112.png,가앗... - 절정 신음,before_extreme_orgasm,,moaning,loud moaning right before extreme orgasm
DMM효과음_001-113.png,가.. - 절정 신음,before_extreme_orgasm,,moaning,loud moaning right before extreme orgasm
DMM효과음_001-114.png,간닷 - 절정 신음,before_extreme_orgasm,,moaning,loud moaning right before extreme orgasm
DMM효과음_001-115.png,간닷 - 절정 신음,before_extreme_orgasm,,moaning,loud moaning right before extreme orgasm
DMM효과음_001-116.png,아앗,before_extreme_orgasm,,moaning,loud moaning right before extreme orgasm
DMM효과음_001-117.png,안돼,before_extreme_orgasm,,moaning,loud moaning right before extreme orgasm
DMM효과음_001-118.png,~~~♥♥- 참는 신음,during_insertion,,moaning,quiet moaning during sexual activity by female
DMM효과음_001-119.png,~~♥- 참는 신음,during_insertion,,moaning,quiet moaning during sexual activity by female
DMM효과음_001-120.png,오오옷- 신음,during_insertion,,moaning,medium moaning during sexual activity by male
DMM효과음_001-121.png,오옷2- 신음,during_insertion,,moaning,medium moaning during sexual activity by male
DMM효과음_001-122.png,오옷1- 신음,during_insertion,,moaning,medium moaning during sexual activity by male
DMM효과음_001-123.png,오오오- 신음,during_insertion,,moaning,medium moaning during sexual activity by male
DMM효과음_001-124.png,오오2- 신음,during_insertion,,moaning,medium moaning during sexual activity by male
DMM효과음_001-125.png,오오1- 신음,during_insertion,,moaning,medium moaning during sexual activity by male
DMM효과음_001-126.png,안돼2- 신음,during_insertion,,moaning,"medium moaning during sexual activity by female, frequent"
DMM효과음_001-127.png,안돼1- 신음,during_insertion,,moaning,"medium moaning during sexual activity by female, frequent"
DMM효과음_001-128.png,아아앙- 신음,during_insertion,,moaning,"medium moaning during sexual activity by female, frequent"
DMM효과음_001-129.png,아앙- 신음,during_insertion,,moaning,medium moaning during sexual activity by female
DMM효과음_001-130.png,아앙- 신음 복사,during_insertion,,moaning,medium moaning during sexual activity by female
DMM효과음_001-131.png,앙2- 신음,during_insertion,,moaning,"medium moaning during sexual activity by female, frequent"
DMM효과음_001-132.png,앙1- 신음,during_insertion,,moaning,"medium moaning during sexual activity by female, frequent"
DMM효과음_001-133.png,핫2- 신음,during_insertion,,moaning,medium moaning during sexual activity by female
DMM효과음_001-134.png,핫1- 신음,during_insertion,,moaning,medium moaning during sexual activity by female
DMM효과음_001-135.png,아아아- 신음,during_insertion,,moaning,"medium moaning during sexual activity by female, frequent"
DMM효과음_001-136.png,아아-2 신음,during_insertion,,moaning,"medium moaning during sexual activity by female, frequent"
DMM효과음_001-137.png,아아-1 신음,during_insertion,,moaning,"medium moaning during sexual activity by female, frequent"
DMM효과음_001-138.png,아앗2- 신음,during_insertion,,moaning,"medium moaning during sexual activity by female, frequent"
DMM효과음_001-139.png,아앗1- 신음,during_insertion,,moaning,"medium moaning during sexual activity by female, frequent"
DMM효과음_001-140.png,앗6- 신음,during_insertion,,moaning,"medium moaning during sexual activity by female, frequent"
DMM효과음_001-141.png,앗5- 신음,during_insertion,,moaning,"medium moaning during sexual activity by female, frequent"
DMM효과음_001-142.png,앗4- 신음,during_insertion,,moaning,"medium moaning during sexual activity by female, frequent"
DMM효과음_001-143.png,앗3- 신음,during_insertion,,moaning,medium moaning during sexual activity by female
DMM효과음_001-144.png,앗2 - 신음,during_insertion,,moaning,medium moaning during sexual activity by female
DMM효과음_001-145.png,앗1 - 새어나오는 신음소리,during_insertion,,moaning,quiet moaning during sexual activity by female
DMM효과음_001-146.png,읏3- 신음,during_insertion,,moaning,quiet moaning during sexual activity by female
DMM효과음_001-147.png,읏2- 신음,during_insertion,,moaning,quiet moaning during sexual activity by female
DMM효과음_001-148.png,읏1 - 새어나오는 신음소리,during_insertion,,moaning,quiet moaning during sexual activity by female
DMM효과음_001-149.png,으응- 신음,during_insertion,,moaning,quiet moaning during sexual activity by female
DMM효과음_001-150.png,응3- 신음,during_insertion,,moaning,quiet moaning during sexual activity by female
DMM효과음_001-151.png,응2- 신음,during_insertion,,moaning,quiet moaning during sexual activity by female
DMM효과음_001-152.png,응1 - 새어나오는 신음소리,during_insertion,,moaning,quiet moaning during sexual activity by female
DMM효과음_001-153.png,♥♥♥,during_insertion,,moaning,"heart symbol can be used during sexual activity, frequent"
DMM효과음_001-154.png,♥♥,during_insertion,,moaning,"heart symbol can be used during sexual activity, frequent"
DMM효과음_001-155.png,♥,during_insertion,,moaning,"heart symbol can be used during sexual activity, frequent"
DMM효과음_001-156.png,응 - 성적 흥분 중 숨소리,during_insertion,,moaning,breathing sounds due to extreme sexual activity
DMM효과음_001-157.png,하아 하아 - 성적 흥분 중 숨소리,during_insertion,,moaning,breathing sounds due to extreme sexual activity
DMM효과음_001-158.png,하아 하아 - 성적 흥분 중 숨소리,during_insertion,,moaning,breathing sounds due to extreme sexual activity
DMM효과음_001-159.png,하아 하아 - 성적 흥분 중 숨소리,during_insertion,,moaning,breathing sounds due to extreme sexual activity
DMM효과음_001-160.png,하　하 - 성적 흥분 중 숨소리,during_insertion,,moaning,breathing sounds due to extreme sexual activity
DMM효과음_001-161.png,하　하 - 성적 흥분 중 숨소리,during_insertion,,moaning,breathing sounds due to extreme sexual activity
DMM효과음_001-162.png,핫! - 성적 흥분 중 목소리 참는 중,during_insertion,,moaning,sound of holding a breathe during extreme sexual activity
DMM효과음_001-163.png,앗! - 성적 흥분 중 목소리 참는 중,during_insertion,,moaning,sound of holding a breathe during extreme sexual activity
DMM효과음_001-164.png,힛! - 성적 흥분 중 목소리 참는 중,during_insertion,,moaning,sound of holding a breathe during extreme sexual activity
DMM효과음_001-165.png,……읏 - 성적 흥분 중 목소리 참는 중,during_insertion,,moaning,sound of holding a breathe during extreme sexual activity
DMM효과음_001-166.png,하앗 하앗 - 짧은 신음,during_insertion,,moaning,short breathing sound during sexual activity expecially during insertion
DMM효과음_001-167.png,하앗 하앗 - 짧은 신음 #1,during_insertion,,moaning,short breathing sound during sexual activity expecially during insertion
